INSERT INTO "Category" ("id", "name", "slug", "isActive", "updatedAt") VALUES 
('f981c0e8-17be-4b7b-b206-ba570a7d8a5b', 'Hampers', 'hampers', true, '2026-06-07T15:56:39.036Z'),
('da017d9b-40e1-4138-a5b5-b0461ced0cfd', 'Flowers', 'flowers', true, '2026-06-07T15:56:39.036Z'),
('6e151f8f-63fa-4457-92bb-4ed6e6f6105c', 'Bouquets', 'bouquets', true, '2026-06-07T15:56:39.036Z'),
('1a03c129-577e-4177-9047-ab178a9f2772', 'Cakes', 'cakes', true, '2026-06-07T15:56:39.036Z'),
('160e4be7-5d8b-41b9-b375-92aebc2c6d91', 'Chocolates', 'chocolates', true, '2026-06-07T15:56:39.036Z'),
('2ab004a2-d819-42cf-9b7f-2f0be281eaa8', 'Crafts', 'crafts', true, '2026-06-07T15:56:39.036Z'),
('73919679-42e9-4db3-b888-8439428c90ef', 'Personalized Gifts', 'personalized-gifts', true, '2026-06-07T15:56:39.036Z'),
('d0389059-1486-4097-9434-de399e14991b', 'Kerala Specials', 'kerala-specials', true, '2026-06-07T15:56:39.036Z'),
('fa9d23ab-127e-4f39-a7ff-e309ede03424', 'Corporate Gifts', 'corporate-gifts', true, '2026-06-07T15:56:39.036Z'),
('bf8a479c-88df-4afe-9df3-926f17348083', 'Get Well Soon', 'get-well-soon', true, '2026-06-07T15:56:39.036Z'),
('e26629f6-c36f-475e-af30-836412e990f1', 'New Baby', 'new-baby', true, '2026-06-07T15:56:39.036Z'),
('a1c90874-5ed8-4f67-811e-963319bcda2d', 'Premium Gifts', 'premium-gifts', true, '2026-06-07T15:56:39.036Z');

INSERT INTO "Occasion" ("id", "name", "slug", "isActive") VALUES 
('8d6ac7c6-50d6-45ea-8652-bfef54788182', 'Birthday', 'birthday', true),
('559fd817-086d-4406-8202-09c1fd76383e', 'Anniversary', 'anniversary', true),
('5683d456-6234-4a1e-967e-5786b1c300b0', 'Love', 'love', true),
('1c3dfaed-ab84-4958-b26a-ff0a64d219c4', 'Sorry', 'sorry', true),
('12c2964f-0d02-4443-94af-c52f25ecf903', 'Get Well Soon', 'get-well-soon', true),
('c18560da-093e-44ed-80c0-70da59dbd389', 'New Baby', 'new-baby', true),
('86926724-d015-413d-a79c-05702b29a576', 'Wedding', 'wedding', true),
('3589f2d2-059c-4a67-abd1-6cfe60203f31', 'Farewell', 'farewell', true),
('b008ba28-2d6f-4669-a834-ff52a5bcce62', 'Congratulations', 'congratulations', true),
('3ad8a399-ba83-4d72-b89e-8c36611ddbee', 'Eid', 'eid', true),
('00b0777e-d95d-4c68-a413-c79a1279417d', 'Onam', 'onam', true),
('7b491600-a53b-42c1-b8ad-d1c1ea770e02', 'Christmas', 'christmas', true),
('67ebe392-80dc-4253-a87d-4b123bc4a2f9', 'Valentine’s Day', 'valentine’s-day', true),
('813cc2f5-6937-4603-9c3a-54865f74eb84', 'Mother’s Day', 'mother’s-day', true),
('b6f8fbcd-4678-4942-8544-da0098a2821d', 'Father’s Day', 'father’s-day', true);

INSERT INTO "Relationship" ("id", "name", "slug", "isActive") VALUES 
('7d3bace2-c321-4e18-8b71-6b9cb1bc288e', 'Mother', 'mother', true),
('deda03da-7c4b-4a55-937f-febca7b704f0', 'Father', 'father', true),
('13a8b9bd-8808-4d7f-b864-2576547c3173', 'Wife', 'wife', true),
('50c1980f-0d7e-41ba-a8b8-de66f44d742c', 'Husband', 'husband', true),
('e1a1ba4c-9dac-4a9e-9e11-ee3e72b0e8c3', 'Girlfriend', 'girlfriend', true),
('e01b20f5-b37c-44b6-8c86-81796ac38b2f', 'Boyfriend', 'boyfriend', true),
('671cb4a9-1337-486f-8eba-a0aaac396dc0', 'Friend', 'friend', true),
('68607b9a-36ac-4baf-95a0-688368de7275', 'Best Friend', 'best-friend', true),
('dcce3770-3a14-4c53-b141-477438c36723', 'Brother', 'brother', true),
('6c231f9e-6af8-412f-b3d5-2f5f6f752d90', 'Sister', 'sister', true),
('11ab9261-d177-4f02-b3cc-199665c03847', 'Teacher', 'teacher', true),
('1d884da2-1ee3-4e49-8bf8-798333e9c720', 'Boss', 'boss', true),
('7bab6394-d4a7-4fea-a1d4-373b229ed55f', 'Colleague', 'colleague', true),
('b5b437d6-cba1-4308-81b2-d75874c8c75e', 'Parents', 'parents', true);

INSERT INTO "Product" ("id", "name", "slug", "description", "price", "stock", "isActive", "deliveryEstimate", "updatedAt") VALUES 
('fca81b74-866c-4a18-a1d9-e92e6bb3a082', 'Classic Birthday Hamper', 'classic-birthday-hamper-0', 'Amazing Classic Birthday Hamper for your loved ones. Carefully curated.', 2094, 50, true, 'Same day', '2026-06-07T15:56:39.036Z'),
('16d9315e-271c-4d64-be83-5dc383ae66d0', 'Premium Chocolate Hamper', 'premium-chocolate-hamper-1', 'Amazing Premium Chocolate Hamper for your loved ones. Carefully curated.', 2360, 50, true, 'Same day', '2026-06-07T15:56:39.036Z'),
('4a15c70f-24ba-43e8-9493-56f75c797446', 'Kerala Snack Gift Box', 'kerala-snack-gift-box-2', 'Amazing Kerala Snack Gift Box for your loved ones. Carefully curated.', 2319, 50, true, 'Same day', '2026-06-07T15:56:39.036Z'),
('dfe11c0e-77cf-4b19-8217-f8c91718e99e', 'Rose Bouquet', 'rose-bouquet-3', 'Amazing Rose Bouquet for your loved ones. Carefully curated.', 2130, 50, true, 'Same day', '2026-06-07T15:56:39.036Z'),
('d6c56beb-6240-42b6-82b9-815562d936c4', 'Cake and Flower Combo', 'cake-and-flower-combo-4', 'Amazing Cake and Flower Combo for your loved ones. Carefully curated.', 2103, 50, true, 'Same day', '2026-06-07T15:56:39.036Z'),
('704598ca-0884-4bba-919d-37a36680137a', 'Sorry Gift Box', 'sorry-gift-box-5', 'Amazing Sorry Gift Box for your loved ones. Carefully curated.', 1415, 50, true, 'Same day', '2026-06-07T15:56:39.036Z'),
('9393eeda-2209-47fe-b984-58b8ed51d999', 'For Mom Wellness Hamper', 'for-mom-wellness-hamper-6', 'Amazing For Mom Wellness Hamper for your loved ones. Carefully curated.', 1623, 50, true, 'Same day', '2026-06-07T15:56:39.036Z'),
('4fa6d963-fc76-489a-8fd6-da0295e0ce5a', 'NRI Family Gift Box', 'nri-family-gift-box-7', 'Amazing NRI Family Gift Box for your loved ones. Carefully curated.', 2247, 50, true, 'Same day', '2026-06-07T15:56:39.036Z'),
('dca0fc04-bcca-4eff-8d34-f52a7b636d8e', 'Corporate Mini Hamper', 'corporate-mini-hamper-8', 'Amazing Corporate Mini Hamper for your loved ones. Carefully curated.', 1487, 50, true, 'Same day', '2026-06-07T15:56:39.036Z'),
('61b95963-378d-411d-8462-283401cd8f4f', 'Get Well Soon Fruit Basket', 'get-well-soon-fruit-basket-9', 'Amazing Get Well Soon Fruit Basket for your loved ones. Carefully curated.', 2120, 50, true, 'Same day', '2026-06-07T15:56:39.036Z'),
('a2c8db1c-e5ea-4731-829f-e588728b194f', 'Romantic Love Hamper', 'romantic-love-hamper-10', 'Amazing Romantic Love Hamper for your loved ones. Carefully curated.', 2467, 50, true, 'Same day', '2026-06-07T15:56:39.036Z'),
('3eb1b595-7839-4a33-8c34-473222558d98', 'Teddy Bear & Choco Combo', 'teddy-bear--choco-combo-11', 'Amazing Teddy Bear & Choco Combo for your loved ones. Carefully curated.', 1036, 50, true, 'Same day', '2026-06-07T15:56:39.036Z'),
('2a489a20-6c97-4339-991c-86e704a9c9a8', 'Personalized Photo Mug', 'personalized-photo-mug-12', 'Amazing Personalized Photo Mug for your loved ones. Carefully curated.', 1395, 50, true, 'Same day', '2026-06-07T15:56:39.036Z'),
('f4475b52-5bc9-46ba-afe3-5e2f3ca5cd49', 'Handcrafted Wood Art', 'handcrafted-wood-art-13', 'Amazing Handcrafted Wood Art for your loved ones. Carefully curated.', 1381, 50, true, 'Same day', '2026-06-07T15:56:39.036Z'),
('3593002d-f755-44e1-b2bf-1e38ab2c5ebc', 'Onam Special Kit', 'onam-special-kit-14', 'Amazing Onam Special Kit for your loved ones. Carefully curated.', 2483, 50, true, 'Same day', '2026-06-07T15:56:39.036Z'),
('7785bdb0-03c3-4600-97eb-483bdcbfa169', 'Valentine Premium Rose Box', 'valentine-premium-rose-box-15', 'Amazing Valentine Premium Rose Box for your loved ones. Carefully curated.', 578, 50, true, 'Same day', '2026-06-07T15:56:39.036Z'),
('fc5b89dc-4d05-4986-9576-d18da91d0811', 'Father’s Day Grooming Kit', 'fathers-day-grooming-kit-16', 'Amazing Father’s Day Grooming Kit for your loved ones. Carefully curated.', 2055, 50, true, 'Same day', '2026-06-07T15:56:39.036Z'),
('2ffee373-03a8-4f11-a541-c54b99b637d8', 'Baby Care Essentials Box', 'baby-care-essentials-box-17', 'Amazing Baby Care Essentials Box for your loved ones. Carefully curated.', 1663, 50, true, 'Same day', '2026-06-07T15:56:39.036Z'),
('e50249f0-50c9-4a36-addb-6a05af846be0', 'Farewell Memory Book', 'farewell-memory-book-18', 'Amazing Farewell Memory Book for your loved ones. Carefully curated.', 2445, 50, true, 'Same day', '2026-06-07T15:56:39.036Z'),
('51568573-a748-4d4a-b300-78dd643ea8a6', 'Anniversary Gold Gift Box', 'anniversary-gold-gift-box-19', 'Amazing Anniversary Gold Gift Box for your loved ones. Carefully curated.', 1614, 50, true, 'Same day', '2026-06-07T15:56:39.036Z');

INSERT INTO "ProductCategory" ("productId", "categoryId") VALUES 
('fca81b74-866c-4a18-a1d9-e92e6bb3a082', 'd0389059-1486-4097-9434-de399e14991b'),
('16d9315e-271c-4d64-be83-5dc383ae66d0', 'da017d9b-40e1-4138-a5b5-b0461ced0cfd'),
('4a15c70f-24ba-43e8-9493-56f75c797446', 'da017d9b-40e1-4138-a5b5-b0461ced0cfd'),
('dfe11c0e-77cf-4b19-8217-f8c91718e99e', '6e151f8f-63fa-4457-92bb-4ed6e6f6105c'),
('d6c56beb-6240-42b6-82b9-815562d936c4', 'd0389059-1486-4097-9434-de399e14991b'),
('704598ca-0884-4bba-919d-37a36680137a', 'fa9d23ab-127e-4f39-a7ff-e309ede03424'),
('9393eeda-2209-47fe-b984-58b8ed51d999', 'e26629f6-c36f-475e-af30-836412e990f1'),
('4fa6d963-fc76-489a-8fd6-da0295e0ce5a', 'bf8a479c-88df-4afe-9df3-926f17348083'),
('dca0fc04-bcca-4eff-8d34-f52a7b636d8e', '1a03c129-577e-4177-9047-ab178a9f2772'),
('61b95963-378d-411d-8462-283401cd8f4f', 'a1c90874-5ed8-4f67-811e-963319bcda2d'),
('a2c8db1c-e5ea-4731-829f-e588728b194f', 'da017d9b-40e1-4138-a5b5-b0461ced0cfd'),
('3eb1b595-7839-4a33-8c34-473222558d98', 'bf8a479c-88df-4afe-9df3-926f17348083'),
('2a489a20-6c97-4339-991c-86e704a9c9a8', 'bf8a479c-88df-4afe-9df3-926f17348083'),
('f4475b52-5bc9-46ba-afe3-5e2f3ca5cd49', 'bf8a479c-88df-4afe-9df3-926f17348083'),
('3593002d-f755-44e1-b2bf-1e38ab2c5ebc', 'd0389059-1486-4097-9434-de399e14991b'),
('7785bdb0-03c3-4600-97eb-483bdcbfa169', 'fa9d23ab-127e-4f39-a7ff-e309ede03424'),
('fc5b89dc-4d05-4986-9576-d18da91d0811', 'f981c0e8-17be-4b7b-b206-ba570a7d8a5b'),
('2ffee373-03a8-4f11-a541-c54b99b637d8', 'e26629f6-c36f-475e-af30-836412e990f1'),
('e50249f0-50c9-4a36-addb-6a05af846be0', '160e4be7-5d8b-41b9-b375-92aebc2c6d91'),
('51568573-a748-4d4a-b300-78dd643ea8a6', '1a03c129-577e-4177-9047-ab178a9f2772');

